"AGE","STAGE","YEARS","OD_HAZARD","OD_LOWER","OD_UPPER","CD_HAZARD","CD_LOWER","CD_UPPER"
"(0,29]","Localized",0,0.00689422457448788,0.00481170718801323,0.00987806112103875,0.0216749378159526,0.0184075060071148,0.0255223593446897
"(0,29]","Localized",1,0.00820057910789805,0.00572645025408956,0.0117436623129203,0.0252859611975125,0.0214833921961281,0.0297615866129524
"(0,29]","Localized",2,0.00889868876966072,0.00621588134100565,0.0127394102298299,0.0180777167609265,0.0153636289728324,0.0212712663712558
"(0,29]","Localized",3,0.00937204368190929,0.00654838532907881,0.0134132612322769,0.0129889483404073,0.0110399119085149,0.0152820765614719
"(0,29]","Localized",4,0.00972651709528152,0.00679709823318147,0.0139184592582577,0.00980305311851337,0.00833057266984379,0.0115358036972521
"(0,29]","Localized",5,0.0100172421017173,0.00700024770704363,0.014334512655582,0.00778887372434482,0.00661635750216232,0.00916917725154368
"(0,29]","Localized",6,0.0102699763893374,0.00717615647746639,0.0146976191889513,0.00648060880603657,0.00550233980287839,0.00763280580036146
"(0,29]","Localized",7,0.0104956326895612,0.00733277709343756,0.0150227266312393,0.00560873395132936,0.00475975357097378,0.00660914404162327
"(0,29]","Localized",8,0.0107009533478392,0.00747502424461636,0.0153190677374326,0.00501581201209995,0.00425480598067526,0.00591293009987674
"(0,29]","Localized",9,0.0108903968148964,0.00760613717104486,0.015592769404734,0.00460708777644462,0.00390686993138683,0.00543280381490484
"(0,29]","Localized",10,0.0110243048620214,0.00769877712802388,0.0157863119908218,0.0043821515536263,0.00371549923381731,0.00516841776312787
"(0,29]","Regional",0,0.00683752097805236,0.00477293886357755,0.00979515955626218,0.0624677645785856,0.0531302189247611,0.0734463762557719
"(0,29]","Regional",1,0.00813313101083541,0.00567995650319245,0.0116458321835661,0.0728748328895745,0.0620051791338585,0.0856499628169168
"(0,29]","Regional",2,0.008825498862464,0.00616508986378171,0.0126339489389745,0.0521004749507872,0.0443389970848199,0.0612205884728188
"(0,29]","Regional",3,0.00929496052673016,0.00649457821269379,0.0133028333101923,0.0374345049541409,0.0318585163622702,0.0439864225485256
"(0,29]","Regional",4,0.00964651846829526,0.00674097141256439,0.0138044375015819,0.0282526676458541,0.0240383755721788,0.0332057893650569
"(0,29]","Regional",5,0.00993485232061932,0.00694220466532809,0.0142175714264441,0.0224477474526641,0.0190907531229024,0.026395049520612
"(0,29]","Regional",6,0.0101855079200714,0.00711645411523855,0.0145781269806032,0.0186772921176941,0.0158755811372976,0.0219734474218355
"(0,29]","Regional",7,0.0104093082430721,0.00727160073980077,0.0149009416483129,0.0161645249010909,0.0137324932354667,0.0190272709254971
"(0,29]","Regional",8,0.0106129401806505,0.00741251399936252,0.0151951820284565,0.014455707628914,0.0122752904288804,0.0170234249256286
"(0,29]","Regional",9,0.0108008255136801,0.00754240276961124,0.0154669321644604,0.0132777531846023,0.0112712460853868,0.0156414587280074
"(0,29]","Regional",10,0.0109336321943233,0.00763418117372734,0.0156590877581148,0.0126294808282281,0.010719028252475,0.014880433396913
"(0,29]","Distant",0,0.0106422303652057,0.00740808118443705,0.0152883134454659,0.358757944426921,0.305340759616423,0.42152009395562
"(0,29]","Distant",1,0.0126587770751328,0.00880974298719308,0.0181894792621574,0.418526666101985,0.356186253583428,0.491778019420019
"(0,29]","Distant",2,0.0137364100649467,0.00955933988495485,0.0197387020216635,0.299217675277887,0.254635442291011,0.351605481228453
"(0,29]","Distant",3,0.0144671016701045,0.0100684934543017,0.0207873235175644,0.214989701305733,0.182925848272876,0.252673814809161
"(0,29]","Distant",4,0.0150142825289074,0.0104493098189002,0.0215735473269429,0.162257590576216,0.138003050593048,0.190774957548123
"(0,29]","Distant",5,0.0154630585236531,0.0107603436841714,0.0222210541180294,0.128919416077411,0.109585624704899,0.151664201306917
"(0,29]","Distant",6,0.0158531903624086,0.0110296511023245,0.0227861827262313,0.107265354744295,0.0911209127255297,0.126270208153683
"(0,29]","Distant",7,0.0162015234206657,0.0112694114834122,0.0232921978627702,0.0928343084673329,0.0788143366097526,0.109348240027634
"(0,29]","Distant",8,0.0165184654814473,0.0114871516519231,0.0237534691863148,0.0830204184377611,0.070447089507665,0.0978378242321327
"(0,29]","Distant",9,0.0168108988067363,0.0116878326037604,0.0241795317532069,0.0762553209843672,0.0646822668573286,0.0898990449094318
"(0,29]","Distant",10,0.0170176051984213,0.0118296174767224,0.0244808327284624,0.0725322350124175,0.0615118127068369,0.0855270700762786
"(29,39]","Localized",0,0.00176606433865429,0.00124672188184081,0.00250174770414361,0.0204135317373685,0.018634503178477,0.0223624123314899
"(29,39]","Localized",1,0.00210070765207819,0.0014837555623405,0.00297419115079073,0.0238144061034116,0.0217563477503915,0.0260671485525607
"(29,39]","Localized",2,0.00227953945031572,0.0016105975301013,0.00322631821229351,0.0170256564504064,0.0155621170923748,0.0186268345345866
"(29,39]","Localized",3,0.00240079677534435,0.00169678339323875,0.00339691277129393,0.0122330366727417,0.0111830269375648,0.0133816351534267
"(29,39]","Localized",4,0.00249160072981289,0.00176125343125214,0.00352480460172766,0.0092325494844372,0.00843705519519487,0.0101030477845507
"(29,39]","Localized",5,0.00256607452460649,0.00181390736506839,0.00363014043274537,0.00733558833341826,0.00669863791937468,0.00803310453508714
"(29,39]","Localized",6,0.00263081639770599,0.00185949473790848,0.00372208363073021,0.00610345988822773,0.00556847452655724,0.00668984376263052
"(29,39]","Localized",7,0.0026886218173456,0.00190007930609804,0.0038044134603331,0.00528232512102762,0.00481504249740934,0.00579495609964658
"(29,39]","Localized",8,0.00274121794163136,0.00193693657255216,0.00387946405818301,0.00472390917875288,0.00430279330319515,0.00518623995153699
"(29,39]","Localized",9,0.00278974687302111,0.00197090717143077,0.00394878446872621,0.00433897127363736,0.00394995789174144,0.00476629687624008
"(29,39]","Localized",10,0.00282404953086625,0.00199490898243525,0.00399780432240585,0.00412712555752158,0.00375598608667893,0.00453493835559137
"(29,39]","Regional",0,0.0017515388182776,0.00123650575206126,0.00248109524845889,0.0588323577034159,0.0538397096973309,0.0642880086019364
"(29,39]","Regional",1,0.00208342975843758,0.00147150175988637,0.00294982968539368,0.0686337707945747,0.0628547301214884,0.0749441535492741
"(29,39]","Regional",2,0.00226079070146761,0.00159720932060439,0.00320006561284734,0.0490684083142834,0.044953521353925,0.0535599577224239
"(29,39]","Regional",3,0.00238105070963355,0.00168259865641699,0.00336943243999283,0.0352559468194464,0.0322995285542855,0.0384829700948773
"(29,39]","Regional",4,0.00247110782002511,0.00174645576325779,0.00349643774969012,0.0266084605432866,0.0243652330765232,0.0290582155571542
"(29,39]","Regional",5,0.00254496908298725,0.00179860343885453,0.00360105373795896,0.0211413665380914,0.0193425436500347,0.0231074781726692
"(29,39]","Regional",6,0.00260917846733402,0.0018437525544075,0.00369236764885857,0.0175903386044337,0.0160774887204381,0.019245544964388
"(29,39]","Regional",7,0.00266650844914135,0.00188394791316618,0.00377413158500279,0.0152238057100696,0.0139009986878126,0.0166724907565066
"(29,39]","Regional",8,0.00271867198099074,0.00192045303582755,0.00384866342358811,0.0136144356664206,0.0124213653014373,0.014922100739478
"(29,39]","Regional",9,0.00276680177177935,0.00195410051177531,0.00391750169087111,0.0125050340783601,0.0114022993619127,0.013714416252003
"(29,39]","Regional",10,0.00280082229723294,0.00197787493432056,0.00396617875304234,0.011894488920922,0.0108421172177763,0.0130490072970225
"(29,39]","Distant",0,0.00272617512363669,0.00191845665196364,0.00387396337492115,0.337879478445468,0.309550606217802,0.368800934173708
"(29,39]","Distant",1,0.00324274536197961,0.00228142079705597,0.00460914423074599,0.394169868165428,0.361087212752297,0.430283543177129
"(29,39]","Distant",2,0.00351879804533874,0.00247555449626954,0.00500168334253347,0.281804246108205,0.258121494393524,0.307659900367582
"(29,39]","Distant",3,0.00370597622215627,0.00260743634078912,0.00526734231158247,0.202478047599375,0.185397344350519,0.221132404699571
"(29,39]","Distant",4,0.00384614522754405,0.00270608054497946,0.00546651619133273,0.152814762514277,0.13981658592654,0.167021335900658
"(29,39]","Distant",5,0.00396110627527338,0.00278664092928347,0.00563056502425084,0.121416753948993,0.110970720649688,0.132846117238263
"(29,39]","Distant",6,0.00406104469769575,0.00285638486757505,0.00577376118817627,0.101022883755688,0.0922234424289643,0.110661927437708
"(29,39]","Distant",7,0.00415027570337529,0.00291847062522233,0.00590199138096476,0.0874316742362135,0.0797288016772727,0.0958787537971958
"(29,39]","Distant",8,0.00423146541005201,0.00297485013856407,0.00601889128730072,0.0781889185112923,0.0712358966211918,0.0858205975427363
"(29,39]","Distant",9,0.00430637681765803,0.00302680988762813,0.00612687352154773,0.071817526226623,0.0653872816908431,0.078880128321534
"(29,39]","Distant",10,0.00435932791940741,0.00306351937741529,0.00620323803042451,0.0683111109236268,0.0621725479281505,0.0750557606391291
"(39,44]","Localized",0,0.00246431880273669,0.00188310140626385,0.00322492899235882,0.0195055439085392,0.0178340130881609,0.0213337509395771
"(39,44]","Localized",1,0.00293127110534022,0.00224147690131009,0.00383334325944547,0.0227551483928454,0.0208216920013531,0.0248681417713691
"(39,44]","Localized",2,0.00318080819936239,0.00243333040190282,0.00415789854065985,0.0162683603081373,0.0148938184220152,0.0177697580399602
"(39,44]","Localized",3,0.00335000741792839,0.00256377184316459,0.00437735900821361,0.011688914834768,0.0107029473363752,0.0127657107745211
"(39,44]","Localized",4,0.00347671282013939,0.00266131597970473,0.00454193794877215,0.00882188842545018,0.00807491070088212,0.0096379662786591
"(39,44]","Localized",5,0.00358063155560338,0.00274088299472956,0.00467766131062961,0.00700930354302832,0.00641110133797252,0.00766332270102737
"(39,44]","Localized",6,0.00367097062859835,0.0028096877910125,0.00479627146543775,0.0058319798051359,0.0053294148659123,0.00638193706712706
"(39,44]","Localized",7,0.00375163076050868,0.00287088838870107,0.00490257073558979,0.00504736886850262,0.00460829015180352,0.00552828332829333
"(39,44]","Localized",8,0.00382502198142379,0.00292643679590734,0.00499952475322015,0.0045137911014899,0.00411800423701403,0.004947617704555
"(39,44]","Localized",9,0.00389273795047596,0.0029776182501174,0.00508910394768937,0.0041459751200668,0.00378029846533299,0.00454702454970619
"(39,44]","Localized",10,0.00394060295904979,0.00301377576369971,0.00515245754774052,0.00394355223848536,0.00359464585701892,0.00432632444926301
"(39,44]","Regional",0,0.00244405028125627,0.00186781424647034,0.00319806041101741,0.0562155119060645,0.0515339828061742,0.0613223525109706
"(39,44]","Regional",1,0.00290716199604092,0.00222309425652308,0.00380172405887645,0.0655809610539627,0.0601627362080033,0.071487149253844
"(39,44]","Regional",2,0.00315464669816284,0.00241320431949678,0.00412389278433319,0.0468858600858533,0.0430288850932506,0.051088562492842
"(39,44]","Regional",3,0.0033224542875321,0.00254240991278599,0.00434182642422206,0.0336877727759854,0.0309170674330112,0.0367067815082792
"(39,44]","Regional",4,0.00344811756355247,0.00263899620510315,0.00450531710169452,0.025424924121073,0.0233224499069984,0.0277169332399788
"(39,44]","Regional",5,0.00355118158853028,0.00271777065777073,0.00464015999629301,0.0202010048334939,0.0185146254784264,0.0220409870566247
"(39,44]","Regional",6,0.00364077764100393,0.0027858901655794,0.00475799872792246,0.0168079255676648,0.0153891697313908,0.0183574803164173
"(39,44]","Regional",7,0.0037207743597169,0.00284648310563587,0.00486360233620421,0.0145466553535783,0.0133057102968262,0.0159033368623018
"(39,44]","Regional",8,0.00379356195275077,0.00290148261247581,0.00495991679500198,0.0130088696114856,0.0118893191369484,0.0142338423322503
"(39,44]","Regional",9,0.00386072097171525,0.00295216119284404,0.00504889994002336,0.0119488138765682,0.0109138173356446,0.0130819630652901
"(39,44]","Regional",10,0.00390819230031822,0.00298796526471858,0.00511182885444461,0.0113654255864001,0.0103775891182563,0.0124472936139624
"(39,44]","Distant",0,0.00380403163672396,0.00289409386971772,0.00500006473470916,0.322850699594915,0.2961518738394,0.351956521996347
"(39,44]","Distant",1,0.00452483989009294,0.00344139700650084,0.00594937929675929,0.376637309498459,0.345451187716391,0.410638805860133
"(39,44]","Distant",2,0.00491003639922249,0.00373419930648763,0.0064561249881459,0.269269676937587,0.246945715434211,0.293611731184252
"(39,44]","Distant",3,0.00517121980602005,0.00393321837325781,0.0067988887865892,0.193471884178432,0.177371690968904,0.211033511035313
"(39,44]","Distant",4,0.00536680787604541,0.00408203060296999,0.00705595562327315,0.146017607263851,0.13376438637467,0.159393269139193
"(39,44]","Distant",5,0.00552722143816828,0.00420341474293302,0.00726794256177658,0.116016172794296,0.106166822615742,0.126779281397945
"(39,44]","Distant",6,0.00566667283192608,0.00430837687770084,0.00745319688984959,0.0965294158901797,0.0882305391963487,0.105608885591595
"(39,44]","Distant",7,0.00579118338359191,0.00440173390438331,0.00761922594789406,0.0835427393335223,0.0762763021010046,0.091501417268316
"(39,44]","Distant",8,0.00590447332234044,0.00448646303134968,0.00777066592865704,0.0747110986381336,0.0681507068265436,0.0819030166958333
"(39,44]","Distant",9,0.00600900269098374,0.00456452459280054,0.00791059677672764,0.0686231039899735,0.062555060256409,0.0752797690864451
"(39,44]","Distant",10,0.00608288923792917,0.00461966742121761,0.00800956824531797,0.0652726529982441,0.0594793933625061,0.0716301728812667
"(44,49]","Localized",0,0.00304902084194248,0.00255700882452017,0.00363570598457173,0.0191735223374091,0.0179259318546973,0.0205079566264276
"(44,49]","Localized",1,0.00362676561313447,0.00304476386588554,0.00432001615480461,0.0223678123536087,0.0209352136603319,0.0238984447325536
"(44,49]","Localized",2,0.00393550967647011,0.00330610481034714,0.00468473861119,0.0159914417779724,0.014977323495804,0.0170742265202952
"(44,49]","Localized",3,0.00414485432103283,0.00348403529262983,0.00493101135694253,0.0114899472034913,0.0107631473233016,0.0122658255140811
"(44,49]","Localized",4,0.004301622760124,0.00361698235480431,0.00511585531301121,0.00867172305353916,0.00811905101689445,0.00926201642124606
"(44,49]","Localized",5,0.00443019800369481,0.00372510621623411,0.00526875026667282,0.00688999182397058,0.00644434368056335,0.00736645867706055
"(44,49]","Localized",6,0.0045419715762121,0.00381833737851099,0.00540274570863182,0.00573270838226353,0.00535531230617438,0.00613670066855178
"(44,49]","Localized",7,0.00464176971232798,0.00390109487376337,0.00552307157236923,0.00496145302069795,0.00462927246838637,0.00531747011524946
"(44,49]","Localized",8,0.00473257426323969,0.00397611054783597,0.00563295689127778,0.00443695776527036,0.00413572480523354,0.00476013180007478
"(44,49]","Localized",9,0.00481635701113055,0.00404517877031125,0.00573455373035243,0.00407540271359173,0.00379587982016845,0.00437550935505284
"(44,49]","Localized",10,0.00487557881659635,0.00409395938911965,0.00580642515898399,0.0038764254556489,0.00360912104261967,0.00416352738956512
"(44,49]","Regional",0,0.00302394326498267,0.00253606628521655,0.00360567726897334,0.0552586166422127,0.0518398177073479,0.0589029300733763
"(44,49]","Regional",1,0.00359693620281118,0.00301943837085193,0.00428488633658801,0.0644646479776671,0.0605375499538739,0.0686465000425729
"(44,49]","Regional",2,0.00390314090895296,0.0032782494709736,0.00464714763344261,0.0460877732956318,0.0433020838825229,0.0490526706891316
"(44,49]","Regional",3,0.0041107637363464,0.0034543507218696,0.00489191168523807,0.0331143426118534,0.0311124092170136,0.0352450910885556
"(44,49]","Regional",4,0.00426624278687646,0.00358586006405272,0.00507572163927831,0.0249921434053891,0.0234646814100047,0.0266190390961634
"(44,49]","Regional",5,0.00439376052519135,0.00369279164594345,0.00522778792988686,0.0198571451905805,0.01862113684276,0.0211751980293382
"(44,49]","Regional",6,0.00450461478278357,0.00378499586257199,0.00536105063284004,0.016521822607369,0.0154717932662023,0.0176431167993141
"(44,49]","Regional",7,0.00460359209950573,0.00386684669189691,0.00548070872215879,0.0142990435265085,0.0133724505180389,0.0152898427240895
"(44,49]","Regional",8,0.00469364980143482,0.00394104680381202,0.00558997386778115,0.012787433831623,0.011945570822727,0.0136886278501838
"(44,49]","Regional",9,0.0047767434532463,0.0040093706909989,0.0056909874273447,0.0117454222677496,0.0109632144140631,0.012583439750926
"(44,49]","Regional",10,0.00483547817139415,0.0040576296485134,0.00576244043233363,0.0111719643593021,0.0104234492649807,0.0119742308397707
"(44,49]","Distant",0,0.00470660359808133,0.00392103015037254,0.00564956570004294,0.31735516473454,0.298049004646783,0.337911948968121
"(44,49]","Distant",1,0.00559843601242866,0.00466181911111406,0.00672323084384686,0.370226223920315,0.347660618138302,0.394256497115762
"(44,49]","Distant",2,0.0060750270213822,0.00505831561070645,0.00729609541711212,0.264686193307818,0.248508004867003,0.281917603471864
"(44,49]","Distant",3,0.006398180685596,0.00532811620833417,0.00768315001345699,0.190178623592846,0.178464845054959,0.202661259821915
"(44,49]","Distant",4,0.0066401753906968,0.00552968732247666,0.00797367494470364,0.143532109007369,0.134546850948234,0.153117434047131
"(44,49]","Distant",5,0.00683864983065145,0.005693654961683,0.0082139033953246,0.114041356190961,0.106744593106677,0.121836924773786
"(44,49]","Distant",6,0.00701118846710273,0.00583506507363642,0.00842437293583296,0.0948863010673165,0.0886734740989938,0.101534439721998
"(44,49]","Distant",7,0.00716524128959034,0.00596060260370594,0.00861333775071709,0.0821206825223874,0.0766305749251291,0.0880041325142638
"(44,49]","Distant",8,0.0073054112156742,0.0060743991301763,0.00878589512944797,0.07343937320115,0.0684469085928717,0.0787959897138877
"(44,49]","Distant",9,0.00743474197565321,0.00617916877371951,0.00894544087132193,0.0674550078369305,0.0628135380213461,0.0724394513565545
"(44,49]","Distant",10,0.00752615937721896,0.00625315825384129,0.00905831464228579,0.0641615879132648,0.0597184813755778,0.068935265410737
"(49,54]","Localized",0,0.00433720399256476,0.00388519626066793,0.00484180426034403,0.0205989731067699,0.0195671572870199,0.0216852247649272
"(49,54]","Localized",1,0.00515904059460677,0.00462913455555141,0.0057496063030587,0.0240307418230762,0.0228580224649261,0.0252636283117776
"(49,54]","Localized",2,0.00559822617371448,0.00502834219365099,0.00623269804243562,0.0171803215562657,0.0163558251575489,0.018046381218924
"(49,54]","Localized",3,0.0058960169974863,0.00530080081258744,0.00655806904424561,0.0123441644825551,0.0117540934920476,0.0129638578807019
"(49,54]","Localized",4,0.00611901865447109,0.00550407979628358,0.00680266108041865,0.00931642015618022,0.00886486231752348,0.00979098016430664
"(49,54]","Localized",5,0.00630191575116822,0.00566851869140083,0.00700608825930355,0.00740222655964073,0.00703392420664344,0.00778981471837933
"(49,54]","Localized",6,0.00646091262594078,0.00580957070743019,0.00718528004261357,0.00615890516709085,0.00584300322468041,0.00649188742469345
"(49,54]","Localized",7,0.00660287455301522,0.00593431382337942,0.00734675556851082,0.00533031101669082,0.00504905730189135,0.00562723247588128
"(49,54]","Localized",8,0.0067320431881848,0.00604712412631514,0.00749453879101091,0.00476682229140316,0.00450947825341722,0.00503885267081703
"(49,54]","Localized",9,0.00685122337339757,0.00615086226321691,0.0076313304569135,0.00437838751895584,0.00413808321492737,0.00463264680416577
"(49,54]","Localized",10,0.00693546584480996,0.00622409856476284,0.00772813701197522,0.00416461734605308,0.00393407434049512,0.00440867053795007
"(49,54]","Regional",0,0.00430153137090938,0.00385355268523663,0.00480159282082818,0.0593668048102663,0.0566520916946242,0.0622116914356505
"(49,54]","Regional",1,0.00511660853387096,0.00459048507200597,0.00570303210108432,0.0692572562652457,0.0661763134927457,0.0724816396637861
"(49,54]","Regional",2,0.00555218190081921,0.00498547845897159,0.00618330330733072,0.0495141573864781,0.047342433953277,0.0517855040845926
"(49,54]","Regional",3,0.00584752345556723,0.00525478880082584,0.00650711811273661,0.0355762202117166,0.034014086992288,0.0372100968075634
"(49,54]","Regional",4,0.00606869096923025,0.0054555392723191,0.00675075519820909,0.0268501781169183,0.0256455560437225,0.0281113871452341
"(49,54]","Regional",5,0.00625008377446599,0.00561787891791733,0.00695343349471371,0.0213334197316436,0.0203425786246638,0.0223725272295331
"(49,54]","Regional",6,0.0064077729322467,0.00575713941157739,0.00713193683725407,0.0177501334170613,0.0168938174294133,0.0186498585433485
"(49,54]","Regional",7,0.00654856725131316,0.00588031660787114,0.00729275936324457,0.0153621023759624,0.0145951633975755,0.0161693447299076
"(49,54]","Regional",8,0.00667667350070147,0.00599173134094064,0.00743991469502206,0.0137381124326995,0.0130333644899089,0.014480969347488
"(49,54]","Regional",9,0.00679487345310453,0.00609420586936091,0.00757609886882971,0.0126186327771908,0.0119586646880505,0.0133150234280392
"(49,54]","Regional",10,0.00687842304730498,0.00616656152878789,0.00767246112713259,0.0120025412825713,0.011368471938715,0.0126719754437035
"(49,54]","Distant",0,0.0066951001568139,0.00593420427135254,0.00755355968765504,0.340948855855594,0.325749176915671,0.35685787773928
"(49,54]","Distant",1,0.00796372353091377,0.00705344677356384,0.00899147548493013,0.397750600841664,0.379921850713334,0.416416012835043
"(49,54]","Distant",2,0.00864166984024003,0.00765288807606831,0.00975820592286044,0.284364222792973,0.271537377661677,0.297796983100561
"(49,54]","Distant",3,0.0091013529435366,0.00806146032722512,0.010275387107828,0.204317406261249,0.194961696664466,0.214122088978321
"(49,54]","Distant",4,0.00944558817692847,0.0083663092628573,0.010664097322803,0.154202968102119,0.146925793931856,0.161840610223442
"(49,54]","Distant",5,0.00972791623502233,0.00861323731748983,0.0109868510901527,0.122519732571715,0.116507434966333,0.128842326672115
"(49,54]","Distant",6,0.00997335085212762,0.00882533276668261,0.0112707058784216,0.101940599619144,0.0967353246251579,0.107425995453839
"(49,54]","Distant",7,0.0101924895695703,0.00901308447762929,0.0115262257981647,0.088225924325224,0.0835617099575412,0.0931505014612201
"(49,54]","Distant",8,0.0103918799950752,0.00918297150346085,0.0117599377320455,0.0788992052126478,0.0746131303197619,0.0834314984597215
"(49,54]","Distant",9,0.0105758518068865,0.00933923265304596,0.0119762135279857,0.0724699336876068,0.068456285098749,0.076718909807359
"(49,54]","Distant",10,0.0107058922164522,0.00944954925919054,0.0121292693446535,0.068931665275416,0.0650752999110503,0.0730165590344844
"(54,59]","Localized",0,0.00575425790029235,0.00531229102324255,0.00623300857999955,0.0213583992575137,0.0204432695275149,0.0223145318834413
"(54,59]","Localized",1,0.00684460545326812,0.00633348871045853,0.00739697036458907,0.0249166876256957,0.0238876051198821,0.0259901051348187
"(54,59]","Localized",2,0.00742728201001005,0.00688230247444145,0.00801541719556997,0.0178137116481109,0.0170950775261045,0.0185625559564553
"(54,59]","Localized",3,0.00782236723156318,0.00725780421187053,0.00843084652101962,0.012799259077249,0.0122855992774571,0.0133343950553622
"(54,59]","Localized",4,0.00811822812459077,0.00753750013759053,0.0087436984450362,0.00965989034089512,0.00926430224098469,0.0100723712627813
"(54,59]","Localized",5,0.008360881471174,0.00776242218273691,0.00900548022501017,0.00767512581505428,0.00734894022631354,0.00801579097683762
"(54,59]","Localized",6,0.0085718259008919,0.00795425471497218,0.00923734577372528,0.00638596666280699,0.00610294202646408,0.00668211811403488
"(54,59]","Localized",7,0.0087601697145122,0.00812323370038368,0.00944704769948163,0.00552682457863835,0.00527234740771588,0.00579358544778654
"(54,59]","Localized",8,0.00893154040417049,0.0082756848882237,0.00963937343466515,0.00494256161031368,0.00470798761380167,0.00518882371731511
"(54,59]","Localized",9,0.00908965921146997,0.0084157166200353,0.00981757243085743,0.00453980634128017,0.00431965566602977,0.00477117719758357
"(54,59]","Localized",10,0.00920142543401702,0.00851454799089298,0.00994371399495697,0.00431815506388205,0.00410640994247341,0.00454081872412837
"(54,59]","Regional",0,0.00570693029814671,0.0052675466155627,0.00618297632316842,0.0615554917814726,0.0592255716062253,0.0639772046343495
"(54,59]","Regional",1,0.0067883099640236,0.0062782985046812,0.00733975213666312,0.0718105763392111,0.0692031651711797,0.0745162323604211
"(54,59]","Regional",2,0.00736619412446788,0.00682059161032982,0.00795544201497772,0.0513396049831341,0.049514701261093,0.0532317677576777
"(54,59]","Regional",3,0.00775802985034262,0.00719106888661497,0.0083696917329109,0.0368878153011105,0.0355736030857686,0.0382505803147334
"(54,59]","Regional",4,0.00805145734763469,0.00746667173959034,0.00868204304768415,0.0278400685987605,0.0268146611525887,0.0289046936874127
"(54,59]","Regional",5,0.00829211491974181,0.0076882320594627,0.0089434307241671,0.0221199228619224,0.0212620736140356,0.0230123904573108
"(54,59]","Regional",6,0.00850132437438256,0.00787725476217059,0.00917483575831993,0.0184045308681496,0.0176507725049542,0.0191904836579574
"(54,59]","Regional",7,0.00868811909840137,0.00804382480561983,0.00938402050121478,0.0159284598450576,0.0152442589824984,0.0166433731436559
"(54,59]","Regional",8,0.00885808029895436,0.00819416238395875,0.00957579145683827,0.0142445979642438,0.0136097304540389,0.0149090827728699
"(54,59]","Regional",9,0.00901489861118857,0.00833230217204385,0.00975341491186238,0.0130838462452583,0.0124854466189797,0.0137109266683133
"(54,59]","Regional",10,0.00912574557926255,0.00842982392949617,0.00987911883735006,0.0124450411915775,0.0118682656317226,0.0130498469672001
"(54,59]","Distant",0,0.00888252732327987,0.00808609428518635,0.00975740438402692,0.353518680373585,0.340722189753518,0.366795958783222
"(54,59]","Distant",1,0.0105656360922988,0.00960912821554164,0.0116173566852131,0.412414545795984,0.397368346363555,0.428030471370003
"(54,59]","Distant",2,0.0114650814292261,0.010425129806073,0.0126087727342338,0.294847931180065,0.283983126116731,0.306128412914003
"(54,59]","Distant",3,0.0120749524736385,0.0109819802053868,0.0132767019022008,0.211850013860796,0.203860862079591,0.220152280733686
"(54,59]","Distant",4,0.0125316564503709,0.0113969532595772,0.0137793329957669,0.15988799744276,0.153581920443144,0.166453051159863
"(54,59]","Distant",5,0.0129062269021057,0.0117318838338713,0.0141981202576647,0.127036690209109,0.121737603810125,0.132566490660968
"(54,59]","Distant",6,0.0132318500655318,0.0120186146869217,0.0145675577945867,0.105698862556427,0.101040208773796,0.110572351661391
"(54,59]","Distant",7,0.0135225859170772,0.0122718617232462,0.0149007822388194,0.0914785657922928,0.0872536131678236,0.0959081210158762
"(54,59]","Distant",8,0.0137871213028168,0.0125007045992584,0.0152059207255103,0.0818079968014718,0.0778918955314286,0.0859209967300464
"(54,59]","Distant",9,0.0140312004960853,0.0127110586802316,0.0154884499284243,0.0751416961341992,0.07145331879119,0.0790204706065807
"(54,59]","Distant",10,0.014203727786797,0.0128595409805953,0.0156884202434486,0.0714729817261502,0.0679188960729249,0.0752130469161586
"(59,64]","Localized",0,0.00833670292128942,0.00783563504352619,0.0088698439214266,0.0220057678513113,0.0211382870862748,0.0229088929238769
"(59,64]","Localized",1,0.00991638596428477,0.00934775710433598,0.0105196064485099,0.0256719071922869,0.0247016822246003,0.0266802425115391
"(59,64]","Localized",2,0.0107605610841574,0.0101619384130578,0.0113944502636461,0.0183536415052558,0.0176784811464449,0.0190545876470409
"(59,64]","Localized",3,0.0113329560267812,0.0107207207682706,0.0119801560634759,0.0131872019305775,0.0127046222858498,0.0136881123172858
"(59,64]","Localized",4,0.0117615958990179,0.0111362295968564,0.0124220803866834,0.00995267958744993,0.00957917165800928,0.0103407526322864
"(59,64]","Localized",5,0.0121131492875475,0.0114680450767791,0.0127945422932447,0.00790775726585757,0.00759741596629338,0.00823077757114981
"(59,64]","Localized",6,0.0124187631606013,0.0117491150398146,0.0131265789377606,0.00657952397057599,0.00630818981941162,0.00686253085127132
"(59,64]","Localized",7,0.0126916335199808,0.0119955620347522,0.0134280971456564,0.00569434147035393,0.00544885697261618,0.00595088685020444
"(59,64]","Localized",8,0.0129399134118197,0.0122173344570056,0.0137052293491562,0.00509236961422115,0.00486506176260165,0.00533029848902533
"(59,64]","Localized",9,0.0131689941283197,0.0124208286069222,0.0139622260821222,0.00467740691760772,0.00446343194574045,0.00490164002728664
"(59,64]","Localized",10,0.0133309197510767,0.0125644381484832,0.0141441598350421,0.0044490374365637,0.00424292303897317,0.00466516454107911
"(59,64]","Regional",0,0.00826813523351771,0.00776913886596293,0.00879920852218848,0.0634212258037015,0.0612703638551026,0.0656477584295885
"(59,64]","Regional",1,0.00983482570442634,0.00926482519146849,0.010439895369505,0.0739871398196488,0.0716005899761154,0.0764532410779836
"(59,64]","Regional",2,0.0106720576554479,0.0100683020213053,0.011312019891597,0.0528956976230056,0.0512322892720983,0.0546131142963518
"(59,64]","Regional",3,0.0112397447659612,0.010618528853171,0.0118973045612531,0.0380058772322426,0.0368054305245601,0.0392454795414006
"(59,64]","Regional",4,0.0116648591623349,0.0110269618095339,0.0123396581703653,0.0286838952284022,0.0277378061052267,0.0296622611435669
"(59,64]","Regional",5,0.0120135210956685,0.0113530734855058,0.0127123895759715,0.0227903730761629,0.021988430870386,0.0236215721641105
"(59,64]","Regional",6,0.0123166213567075,0.0116295317693778,0.0130443060351694,0.0189623683317146,0.0182493086619625,0.0197032969312419
"(59,64]","Regional",7,0.0125872474128198,0.0118721444292088,0.0133454247600976,0.0164112481161696,0.015758090646636,0.017091482915529
"(59,64]","Regional",8,0.012833485252991,0.0120906310260654,0.0136219818862399,0.0146763487355513,0.0140664505970366,0.0153126934077155
"(59,64]","Regional",9,0.0130606818271398,0.0122912302072468,0.0138783033720792,0.0134804148758535,0.0129031921590406,0.0140834605761567
"(59,64]","Regional",10,0.0132212756445478,0.0124328523804964,0.0140596963849847,0.0128222477752174,0.0122647655021801,0.0134050698303074
"(59,64]","Distant",0,0.0128689038217522,0.0118832063278146,0.0139363637464574,0.364233757296502,0.352434291753113,0.376428495610172
"(59,64]","Distant",1,0.0153073725234792,0.0141184469022793,0.0165964193737393,0.424914744025012,0.410980865795203,0.439321047860518
"(59,64]","Distant",2,0.0166104786229679,0.0153163981140806,0.0180138958667288,0.303784710022469,0.293682048030792,0.314234909834215
"(59,64]","Distant",3,0.0174940528050191,0.0161346973833549,0.0189679345584553,0.218271143268274,0.210793924122358,0.226013626685627
"(59,64]","Distant",4,0.0181557202942007,0.0167439227787244,0.0196865564938366,0.164734169050551,0.158771748143026,0.170920560808864
"(59,64]","Distant",5,0.0186983936733427,0.0172342496686146,0.0202869255498595,0.130887145597166,0.1258223944125,0.136155831765838
"(59,64]","Distant",6,0.0191701527819562,0.0176529216993323,0.0208177879622846,0.108902572871707,0.104409077629063,0.113589503081242
"(59,64]","Distant",7,0.0195913675528093,0.0180220637614527,0.0212973228064111,0.0942512619005344,0.0901482361743125,0.0985410617384434
"(59,64]","Distant",8,0.0199746233889733,0.0183553078095921,0.0217367973575422,0.084287579995523,0.0804665225463128,0.0882900996570478
"(59,64]","Distant",9,0.0203282425278451,0.0186615006383266,0.0221438498757417,0.0774192251557082,0.0738092914837451,0.0812057229627961
"(59,64]","Distant",10,0.0205781980900393,0.0188776207386031,0.0224319707709222,0.0736393127847993,0.0701555146953852,0.0772961100914597
"(64,69]","Localized",0,0.0125285407163026,0.0118931109223364,0.0131979849464567,0.0243506789641407,0.0234436338548933,0.0252928696630241
"(64,69]","Localized",1,0.0149025155970051,0.0141949930985164,0.0156453063804307,0.0284074781966467,0.0273953246008426,0.0294570293502632
"(64,69]","Localized",2,0.016171156504672,0.0154357790723554,0.0169415735243031,0.0203093859363231,0.0196061215341869,0.021037876897609
"(64,69]","Localized",3,0.0170313614816484,0.0162892842790639,0.0178072478110393,0.0145924160800258,0.0140893314373222,0.0151134644986646
"(64,69]","Localized",4,0.0176755288632442,0.0169225829196086,0.0184619761987769,0.0110132264915495,0.0106221550482018,0.0114186976847273
"(64,69]","Localized",5,0.0182038493496201,0.0174247833142056,0.0190177481573687,0.00875039943201866,0.00842351974778307,0.00908996651260583
"(64,69]","Localized",6,0.0186631311410156,0.0178474206245095,0.0195161251023533,0.00728063101578241,0.00699322445484864,0.00757985163186414
"(64,69]","Localized",7,0.019073205416186,0.0182165186959773,0.0199701826301552,0.00630112441400308,0.00603994640178246,0.00657359768592715
"(64,69]","Localized",8,0.0194463247132643,0.0185480539550922,0.0203881004137852,0.00563500707998495,0.00539240772307335,0.00588852151794429
"(64,69]","Localized",9,0.0197905911590147,0.0188521541931602,0.020775744349757,0.0051758264017372,0.00494698423425348,0.00541525488853714
"(64,69]","Localized",10,0.0200339357734118,0.01906684396942,0.0210500795630834,0.00492312211276693,0.00470246021310709,0.00515413852299248
"(64,69]","Regional",0,0.0124254960143165,0.0117882522741374,0.0130972433286562,0.070179323870591,0.0679644632402128,0.072466562157232
"(64,69]","Regional",1,0.0147799454339423,0.0140629313940725,0.0155335189909322,0.0818711303962021,0.0794229493869111,0.0843947800849574
"(64,69]","Regional",2,0.0160381520278915,0.0152854066725514,0.0168279705800308,0.0585322066516901,0.0568283033711284,0.0602871994756594
"(64,69]","Regional",3,0.016891281993699,0.0161237932557982,0.0176953046667162,0.0420557429073186,0.0408225365951463,0.0433262057066317
"(64,69]","Regional",4,0.0175301512294557,0.0167445589604344,0.0183526005603523,0.0317404204600954,0.0307604268748673,0.032751645181911
"(64,69]","Regional",5,0.0180541263871693,0.0172370605130382,0.018909923491029,0.0252188908835357,0.0243800434752707,0.026086612264493
"(64,69]","Regional",6,0.0185096306791422,0.017652283410682,0.0194086201644461,0.0209829780430886,0.0202308890071673,0.0217630353554777
"(64,69]","Regional",7,0.0189163321767134,0.0180155007035129,0.0198622105279116,0.0181600131828117,0.0174669285774622,0.0188806048751551
"(64,69]","Regional",8,0.0192863826433794,0.018342152335549,0.0202792231284999,0.0162402447776385,0.0155904218852949,0.0169171557295986
"(64,69]","Regional",9,0.0196278175675577,0.0186420194571125,0.0206657472179468,0.0149168734835024,0.0143002656486952,0.0155600698036673
"(64,69]","Regional",10,0.0198691607219413,0.0188538175443031,0.0209391836357101,0.0141885727997618,0.0135922975599502,0.0148110058072387
"(64,69]","Distant",0,0.0193396102784563,0.0179875544094989,0.0207932950504162,0.403046117352427,0.390954000514972,0.415512496826764
"(64,69]","Distant",1,0.0230041830362307,0.0213670805418089,0.02476671879603,0.470193205199451,0.455822684837116,0.485016798566967
"(64,69]","Distant",2,0.0249625133233055,0.0231777749484466,0.0268846804088854,0.33615568418036,0.325687160430462,0.346960706213369
"(64,69]","Distant",3,0.0262903638201048,0.0244148626059025,0.0283099373333913,0.241529883109486,0.233736276274848,0.249583402595538
"(64,69]","Distant",4,0.0272847291174091,0.0253349488189854,0.0293845650447014,0.18228806611424,0.176023593667195,0.188775561706532
"(64,69]","Distant",5,0.0281002680169507,0.026074038447348,0.0302839587357259,0.144834340001429,0.139471144624701,0.150403847895341
"(64,69]","Distant",6,0.0288092357295289,0.0267041247122742,0.0310802970942634,0.120507114693108,0.115718859488409,0.125493556521771
"(64,69]","Distant",7,0.0294422445408979,0.0272591385956601,0.0318001919340756,0.104294575677272,0.0999026255187287,0.108879639862012
"(64,69]","Distant",8,0.030018208011526,0.0277599500232846,0.0324601768219475,0.0932691744729556,0.0891665594553094,0.0975605707169051
"(64,69]","Distant",9,0.0305496329430904,0.028220060034633,0.0330715150329204,0.0856689350790747,0.081785393528025,0.0897368920826669
"(64,69]","Distant",10,0.0309252704664355,0.0285448483865856,0.0335042015452296,0.0814862392841129,0.0777347625785782,0.0854187621137411
"(69,74]","Localized",0,0.0180116678763722,0.0171803675061626,0.0188833039169563,0.0251449843534474,0.024212106034283,0.0261138601690855
"(69,74]","Localized",1,0.0214246150077506,0.0205116070266324,0.0223782676400736,0.0293341140847646,0.0282933996157146,0.0304131113907845
"(69,74]","Localized",2,0.0232484777544743,0.0223075175620182,0.0242291377005886,0.0209718666304544,0.02024832421348,0.0217212643982374
"(69,74]","Localized",3,0.0244851522165481,0.0235440220978052,0.0254639069941777,0.0150684124476195,0.0145503587760916,0.0156049112842471
"(69,74]","Localized",4,0.025411240034501,0.0244595663084225,0.0263999416467274,0.0113724717170636,0.0109693703886525,0.0117903881423547
"(69,74]","Localized",5,0.0261707804589101,0.0251818430051267,0.0271985566173402,0.00903583251738251,0.00869862174013432,0.00938611839265071
"(69,74]","Localized",6,0.0268310673411259,0.025787067922287,0.027917336881872,0.00751812108585011,0.0072214598647491,0.00782697167262433
"(69,74]","Localized",7,0.0274206109931971,0.0263144201817624,0.0285733075378378,0.00650666353215684,0.0062369752633704,0.00678801471065819
"(69,74]","Localized",8,0.0279570262876373,0.0267877745775824,0.0291773185474327,0.00581881782706946,0.0055682562522555,0.00608065502251435
"(69,74]","Localized",9,0.0284519612543063,0.0272220675338891,0.0297374252681978,0.00534465893454132,0.00510827375917977,0.0055919831660207
"(69,74]","Localized",10,0.0288018058589793,0.0275288516586726,0.0301336223909288,0.0050837115744466,0.00485576170511672,0.00532236236900368
"(69,74]","Regional",0,0.0178635255674936,0.01702937287935,0.0187386343585399,0.0724685337628656,0.0701973360965906,0.0748134248957344
"(69,74]","Regional",1,0.02124840190212,0.0203202045548809,0.0222190006509552,0.0845417204112939,0.0820328161345408,0.08712736177603
"(69,74]","Regional",2,0.0230572637483034,0.0220882831211625,0.0240687576478802,0.0604414941610824,0.0586939305170934,0.0622410907838579
"(69,74]","Regional",3,0.02428376681418,0.0233013346856959,0.0253076227647694,0.0434275774788217,0.0421610004324041,0.0447322072567529
"(69,74]","Regional",4,0.0252022377479822,0.024197402817577,0.0262488000264776,0.0327757750416839,0.0317676199947891,0.0338159344939665
"(69,74]","Regional",5,0.0259555311067152,0.0249050250910752,0.027050349968661,0.0260415168551002,0.0251773982648252,0.0269353053402684
"(69,74]","Regional",6,0.0266103872634743,0.0254994856827649,0.0277696899755206,0.0216674309311528,0.0208919702087869,0.0224716845471652
"(69,74]","Regional",7,0.027195082038784,0.0260185737560785,0.0284247943583374,0.0187523825521517,0.0180373473739464,0.0194957689805184
"(69,74]","Regional",8,0.0277270854264101,0.0264851966979488,0.0290272106476216,0.0167699923863,0.0160993549054898,0.0174685690392709
"(69,74]","Regional",9,0.0282179496535336,0.0269136979127711,0.0295854098920384,0.0154034534682742,0.0147669635903967,0.0160673787690286
"(69,74]","Regional",10,0.0285649168574105,0.0272165256387403,0.0299801115653548,0.0146513960277308,0.0140358352102301,0.0152939531097479
"(69,74]","Distant",0,0.0278036081840526,0.0259496128740018,0.0297900640229448,0.416193253973284,0.40379216310711,0.428975476225855
"(69,74]","Distant",1,0.0330719845190512,0.0308217026415096,0.0354865618565443,0.485530641886753,0.47078665134624,0.50073640387733
"(69,74]","Distant",2,0.0358873798249972,0.0334306009867436,0.0385247047012728,0.347120892665255,0.336366175696386,0.3582194841273
"(69,74]","Distant",3,0.0377963652910144,0.0352125447930932,0.0405697809630311,0.249408451428464,0.24139035346126,0.257692930641377
"(69,74]","Distant",4,0.0392259154587789,0.036536690387647,0.0421130773653272,0.18823419983536,0.181780757848419,0.194916829701418
"(69,74]","Distant",5,0.0403983756942867,0.0375991295546522,0.0434060278238638,0.149558754338673,0.144028293884468,0.155301657088106
"(69,74]","Distant",6,0.0414176237666031,0.0385041714056448,0.0445515292427187,0.124437988686047,0.11949717152934,0.129583151675972
"(69,74]","Distant",7,0.0423276694559913,0.039301060324117,0.0455873649612512,0.107696605807845,0.103162883316117,0.11242960808184
"(69,74]","Distant",8,0.043155703859741,0.0400200380214145,0.0465370609489323,0.096311562245763,0.0920754770414233,0.100742553392085
"(69,74]","Distant",9,0.043919707392579,0.040680625649662,0.0474166958119949,0.0884634073371044,0.0844529417426232,0.0926643278122563
"(69,74]","Distant",10,0.044459743017286,0.0411469946219634,0.0480392010965487,0.0841442743685977,0.0802699285136249,0.0882056212098912
"(74,79]","Localized",0,0.0264030661583339,0.0252384556491734,0.0276215879622285,0.0286239074469072,0.0275441697811349,0.0297460249554583
"(74,79]","Localized",1,0.0314060603020851,0.0301304492757644,0.0327356823036417,0.0333926223534992,0.0321804625704663,0.03465044318067
"(74,79]","Localized",2,0.0340796366247219,0.0327648606791758,0.0354471832979065,0.0238734198829082,0.0230271214918238,0.0247508222090241
"(74,79]","Localized",3,0.0358924613926763,0.0345773611482562,0.0372575854821036,0.0171531959300404,0.0165458987675339,0.0177827835862027
"(74,79]","Localized",4,0.0372500012992339,0.0359166285440243,0.0386328743539365,0.0129459049684064,0.0124734710577066,0.0134362346105209
"(74,79]","Localized",5,0.0383634015802766,0.0369704612711756,0.0398088266719097,0.0102859810945896,0.00989146336512487,0.010696237144813
"(74,79]","Localized",6,0.0393313074041172,0.0378522433983341,0.0408681716114356,0.00855828737497348,0.00821194239642794,0.00891924235742716
"(74,79]","Localized",7,0.0401955116608081,0.0386202976046198,0.0418349818163523,0.00740689006263346,0.00709260875985036,0.00773509921222442
"(74,79]","Localized",8,0.0409818357594234,0.0393099027289202,0.0427248868055766,0.0066238777718553,0.00633227809710894,0.00692890642002154
"(74,79]","Localized",9,0.0417073543931629,0.0399429563081688,0.0435496972639365,0.00608411683726587,0.00580925958798221,0.00637197896571913
"(74,79]","Localized",10,0.0422201869806677,0.0403903838769775,0.044132885543051,0.00578706622156954,0.00552213044462266,0.00606471284745605
"(74,79]","Regional",0,0.0261859063034544,0.0250176989046011,0.0274088110666977,0.082494885424613,0.0798534896372528,0.0852238598427316
"(74,79]","Regional",1,0.0311477518368243,0.0298498845862292,0.0325020532096198,0.0962384524261358,0.0932938348593242,0.0992760136307961
"(74,79]","Regional",2,0.0337993385373941,0.0324428404418343,0.0352125615562823,0.0688038501237884,0.0667410559521605,0.0709304003768775
"(74,79]","Regional",3,0.035597253189941,0.0342202944506511,0.0370296209549022,0.0494359805885803,0.0479376590534234,0.0509811366901266
"(74,79]","Regional",4,0.0369436276065766,0.0355306187898617,0.0384128301902095,0.0373104527768452,0.0361200319012036,0.0385401182797568
"(74,79]","Regional",5,0.0380478703965158,0.0365630284385894,0.0395930164619645,0.0296444793028978,0.0286279250008484,0.0306971441778844
"(74,79]","Regional",6,0.0390078153916033,0.0374293498716419,0.0406528548816939,0.02466521867215,0.0237562801127128,0.0256089447021711
"(74,79]","Regional",7,0.039864911743862,0.0381856685998925,0.041618008864514,0.021346860075027,0.0205111112851244,0.022216668897114
"(74,79]","Regional",8,0.0406447684865225,0.0388657558732806,0.0425052197547813,0.0190901972020905,0.0183078713825731,0.0199059564069167
"(74,79]","Regional",9,0.0413643198769021,0.0394906151439413,0.0433269322307288,0.0175345914016515,0.0167930235094548,0.0183089077940048
"(74,79]","Regional",10,0.0418729345205661,0.0399324310967573,0.043907736073349,0.0166784833894022,0.0159617231618996,0.0174274296922125
"(74,79]","Distant",0,0.0407569421867329,0.0380854389263263,0.0436158380552014,0.473775485969833,0.459155874948285,0.488860816891064
"(74,79]","Distant",1,0.0484797855055597,0.0452283157919689,0.0519650097349119,0.552706017257809,0.535236648308238,0.5707455947866
"(74,79]","Distant",2,0.05260683631701,0.0490499574314597,0.0564216438270213,0.39514664892507,0.382378923102454,0.408340707548207
"(74,79]","Distant",3,0.0554051929101086,0.0516585260977665,0.0594235963364441,0.283915246468866,0.274402587202928,0.293757735449731
"(74,79]","Distant",4,0.0575007516287799,0.0535954086274562,0.0616906671846734,0.214277258585419,0.206646426878418,0.222189964880268
"(74,79]","Distant",5,0.0592194456097375,0.0551487009360811,0.0635906729292201,0.170250889079515,0.16373878358126,0.177022078449422
"(74,79]","Distant",6,0.0607135479033085,0.0564717100653897,0.0652740156093311,0.141654551100977,0.135858273396076,0.14769818693315
"(74,79]","Distant",7,0.0620475718653838,0.0576366644284573,0.0667960513335192,0.122596921662715,0.117293080368005,0.128140634540574
"(74,79]","Distant",8,0.0632613765665163,0.058687861734237,0.0681913099153268,0.109636705477281,0.104690624885205,0.114816481953673
"(74,79]","Distant",9,0.0643813192592852,0.0596538605987837,0.069483426298624,0.100702722597167,0.0960258945262068,0.105607338457982
"(74,79]","Distant",10,0.0651729503522447,0.0603359579798337,0.0703977130691423,0.0957860179134965,0.0912706427611191,0.100524779383203
"(79,84]","Localized",0,0.0384810746447909,0.0367550652094029,0.0402883639141367,0.0331343866979497,0.0317882187717241,0.0345376104942136
"(79,84]","Localized",1,0.0457726744134933,0.0438617582717909,0.0477668486543754,0.0386545430239293,0.037128350551927,0.0402434722728952
"(79,84]","Localized",2,0.049669270718747,0.047677405511508,0.0517443636767454,0.0276353299307595,0.0265625570968436,0.0287514288439866
"(79,84]","Localized",3,0.0523113670872235,0.0502942560195533,0.0544093816785689,0.0198561509502459,0.01908448945717,0.0206590142616844
"(79,84]","Localized",4,0.0542899098126878,0.0522241406083858,0.0564373923498145,0.014985886262165,0.0143876670292676,0.0156089809858497
"(79,84]","Localized",5,0.0559126319263775,0.0537447041459886,0.0581680139279198,0.0119068186545844,0.0114106390022265,0.0124245773631366
"(79,84]","Localized",6,0.0573233035518993,0.0550203186148395,0.0597226945792088,0.00990687955096755,0.00947438241336211,0.0103591225212606
"(79,84]","Localized",7,0.0585828356195251,0.0561336635512645,0.0611388791519024,0.00857404811064732,0.00818390858714091,0.00898278794772643
"(79,84]","Localized",8,0.0597288614694153,0.057134582197823,0.0624409484769133,0.00766765082439231,0.00730723221066335,0.00804584749122472
"(79,84]","Localized",9,0.0607862665652362,0.05805408476759,0.0636470412305843,0.00704283579645436,0.00670408972072439,0.00739869852689997
"(79,84]","Localized",10,0.0615336929800969,0.0587041779547518,0.0644995893595054,0.00669897673431888,0.00637292280446802,0.00704171236084692
"(79,84]","Regional",0,0.0381645756239819,0.0364334911133454,0.0399781050527755,0.09549421019238,0.0921096088486189,0.0990033553012085
"(79,84]","Regional",1,0.0453962034660105,0.0434540899742412,0.0474251189611675,0.111403451950596,0.107575718832304,0.115367384173283
"(79,84]","Regional",2,0.0492607510583193,0.0472110828394545,0.0513994120222857,0.0796457779406254,0.0769422113106679,0.0824443416166863
"(79,84]","Regional",3,0.051881116720956,0.0497793362196772,0.0540716404538034,0.057225971005274,0.0552614340452073,0.0592603508854351
"(79,84]","Regional",4,0.053843386334481,0.0516696574196584,0.0561085643435223,0.0431897347515061,0.0416428956448518,0.0447940430486674
"(79,84]","Regional",5,0.0554527618884717,0.0531608109687895,0.0578435340733402,0.0343157775542527,0.0330117156854559,0.0356713671456016
"(79,84]","Regional",6,0.0568518310264777,0.0544148083004114,0.0593980096404822,0.0285518982685509,0.0273996086602799,0.0297526579551523
"(79,84]","Regional",7,0.0581010036987446,0.0555114204478991,0.0608114020628218,0.0247106415441333,0.0236606983675878,0.0258071825025543
"(79,84]","Regional",8,0.0592376037188559,0.0564985724742377,0.0621094333580374,0.0220983797340544,0.0211217191532881,0.023120204120954
"(79,84]","Regional",9,0.0602863118725951,0.0574061299275329,0.0633110076528118,0.0202976457064964,0.0193756227029071,0.0212635462304063
"(79,84]","Regional",10,0.0610275908570471,0.0580480211815808,0.0641601000345024,0.0193066344692746,0.0184172142987015,0.0202390072941956
"(79,84]","Distant",0,0.0594010909632954,0.055469194393882,0.0636116975807129,0.548431767719041,0.52944002724107,0.568104927852745
"(79,84]","Distant",1,0.0706567272761255,0.0658599191779615,0.075802914926629,0.639799962324247,0.617098194974859,0.663336923024859
"(79,84]","Distant",2,0.0766716858944121,0.0714112780481552,0.0823195943465754,0.457412807533968,0.440840993210198,0.474607597678644
"(79,84]","Distant",3,0.0807501428545248,0.0751955138249474,0.0867150879321521,0.328653856339924,0.316368588621743,0.341416245141043
"(79,84]","Distant",4,0.0838043090256867,0.078002593221216,0.0900375509635859,0.248042499428673,0.238285107565009,0.258199531863755
"(79,84]","Distant",5,0.0863092147429306,0.0802537135549139,0.0928216388940134,0.197078571641341,0.188844561436876,0.205671691160628
"(79,84]","Distant",6,0.0884867899359432,0.0821720498956117,0.0952868148480265,0.163976098735304,0.156717997699413,0.171570411269918
"(79,84]","Distant",7,0.0904310594141439,0.0838620458053893,0.0975146431918978,0.141915418706735,0.135322419969111,0.148829672675286
"(79,84]","Distant",8,0.0922001156680038,0.0853876683152977,0.0995560882057312,0.126912966104003,0.120795935286589,0.133339779951779
"(79,84]","Distant",9,0.0938323730012956,0.0867901319261237,0.101446037992805,0.116571189948821,0.110806322026564,0.12263599269958
"(79,84]","Distant",10,0.0949861335151932,0.0877806579666816,0.102783070543749,0.110879724010059,0.105322959958033,0.116729658959885
